price,time
84180.0,2026-10-01 16:12:11.534974
83463.0,2026-10-01 08:46:01.084589
83483.0,2026-10-01 01:59:54.464833
83695.0,2026-09-30 22:56:49.500796
83909.0,2026-09-30 18:58:44.981327
85289.0,2026-09-30 13:29:17.182108
83064.0,2026-09-30 06:28:36.205348
82834.0,2026-09-29 01:39:32.111371
83393.0,2026-09-28 21:43:55.473471
82971.0,2026-09-28 15:10:28.142313
83048.0,2026-09-28 06:31:44.913727
84840.0,2026-09-28 00:29:57.946702
84674.0,2026-09-27 21:56:36.228495
84554.0,2026-09-27 18:10:46.622468
